{
  "main": {
    "id": "daa585d44b07c81b",
    "type": "split",
    "children": [
      {
        "id": "4d0e6db0dc7e9bcb",
        "type": "tabs",
        "children": [
          {
            "id": "1d43fddccc884e5d",
            "type": "leaf",
            "state": {
              "type": "markdown",
              "state": {
                "file": "vpc.md",
                "mode": "source",
                "source": false
              },
              "icon": "lucide-file",
              "title": "vpc"
            }
          }
        ]
      }
    ],
    "direction": "vertical"
  },
  "left": {
    "id": "4aac40952ae92ce0",
    "type": "split",
    "children": [
      {
        "id": "141107e4fc123fd0",
        "type": "tabs",
        "children": [
          {
            "id": "8730c971b09442ad",
            "type": "leaf",
            "state": {
              "type": "file-explorer",
              "state": {
                "sortOrder": "alphabetical",
                "autoReveal": false
              },
              "icon": "lucide-folder-closed",
              "title": "Files"
            }
          },
          {
            "id": "b8f4c33f63d38dde",
            "type": "leaf",
            "state": {
              "type": "search",
              "state": {
                "query": "",
                "matchingCase": false,
                "explainSearch": false,
                "collapseAll": false,
                "extraContext": false,
                "sortOrder": "alphabetical"
              },
              "icon": "lucide-search",
              "title": "Search"
            }
          },
          {
            "id": "aac67c130f543e24",
            "type": "leaf",
            "state": {
              "type": "bookmarks",
              "state": {},
              "icon": "lucide-bookmark",
              "title": "Bookmarks"
            }
          }
        ]
      }
    ],
    "direction": "horizontal",
    "width": 300
  },
  "right": {
    "id": "2959f50c78c195ec",
    "type": "split",
    "children": [
      {
        "id": "6602415d7e8fd482",
        "type": "tabs",
        "children": [
          {
            "id": "3a6db53926fed728",
            "type": "leaf",
            "state": {
              "type": "backlink",
              "state": {
                "file": "vpc.md",
                "collapseAll": false,
                "extraContext": false,
                "sortOrder": "alphabetical",
                "showSearch": false,
                "searchQuery": "",
                "backlinkCollapsed": false,
                "unlinkedCollapsed": true
              },
              "icon": "links-coming-in",
              "title": "Backlinks for vpc"
            }
          },
          {
            "id": "ef8e5e156527602c",
            "type": "leaf",
            "state": {
              "type": "outgoing-link",
              "state": {
                "file": "vpc.md",
                "linksCollapsed": false,
                "unlinkedCollapsed": true
              },
              "icon": "links-going-out",
              "title": "Outgoing links from vpc"
            }
          },
          {
            "id": "dde44e22f00d1159",
            "type": "leaf",
            "state": {
              "type": "tag",
              "state": {
                "sortOrder": "frequency",
                "useHierarchy": true,
                "showSearch": false,
                "searchQuery": ""
              },
              "icon": "lucide-tags",
              "title": "Tags"
            }
          },
          {
            "id": "e27678198bc8d1c4",
            "type": "leaf",
            "state": {
              "type": "outline",
              "state": {
                "file": "vpc.md",
                "followCursor": false,
                "showSearch": false,
                "searchQuery": ""
              },
              "icon": "lucide-list",
              "title": "Outline of vpc"
            }
          }
        ]
      }
    ],
    "direction": "horizontal",
    "width": 300,
    "collapsed": true
  },
  "left-ribbon": {
    "hiddenItems": {
      "switcher:Open quick switcher": false,
      "graph:Open graph view": false,
      "canvas:Create new canvas": false,
      "daily-notes:Open today's daily note": false,
      "templates:Insert template": false,
      "command-palette:Open command palette": false
    }
  },
  "active": "1d43fddccc884e5d",
  "lastOpenFiles": [
    "observability/metrics/grafana.md",
    "postgresql.md",
    "cli.md",
    "vpc/resources/quotas-limits.md",
    "vpc/resources/pricing.md",
    "vpc/resources",
    "vpc/overview.md",
    "vpc/networking/resources.md",
    "vpc/networking/isolation.md",
    "vpc/networking",
    "vpc/addressing/disable-public-addresses.md",
    "vpc/addressing/custom-private-addresses.md",
    "vpc/addressing/available-addresses.md",
    "vpc/addressing",
    "vpc",
    "vpc.md",
    "terraform-provider/release-notes.md",
    "terraform-provider/reference/resources/vpc_v1alpha1_allocation.md",
    "terraform-provider/reference/resources/vpc_v1_subnet.md",
    "terraform-provider/reference/resources/vpc_v1_pool.md",
    "terraform-provider/reference/resources/vpc_v1_network.md",
    "terraform-provider/reference/resources/vpc_v1_allocation.md",
    "terraform-provider/reference/resources/storage_v1_bucket.md",
    "terraform-provider/reference/resources/registry_v1_registry.md",
    "terraform-provider/reference/resources/msp_spark_v1alpha1_session.md",
    "terraform-provider/reference/resources/msp_spark_v1alpha1_cluster.md",
    "terraform-provider/reference/resources/msp_postgresql_v1alpha1_cluster.md",
    "terraform-provider/reference/resources/msp_mlflow_v1alpha1_cluster.md",
    "terraform-provider/reference/resources/mk8s_v1alpha1_node_group.md",
    "terraform-provider/reference/resources/mk8s_v1alpha1_cluster.md",
    "terraform-provider/reference/resources",
    "terraform-provider/reference/ephemeral-resources",
    "terraform-provider/reference/data-sources",
    "terraform-provider/reference",
    "terraform-provider",
    "studio/inference/models"
  ]
}