{
  "main": {
    "id": "fbb015d74ba9fe5a",
    "type": "split",
    "children": [
      {
        "id": "5ef8765e8019daad",
        "type": "tabs",
        "children": [
          {
            "id": "ac238347ae7f6dc0",
            "type": "leaf",
            "state": {
              "type": "markdown",
              "state": {
                "file": "enterprise.md",
                "mode": "source",
                "source": false
              },
              "icon": "lucide-file",
              "title": "enterprise"
            }
          },
          {
            "id": "1af3ac61f71fe9fa",
            "type": "leaf",
            "state": {
              "type": "markdown",
              "state": {
                "file": "pipelines.md",
                "mode": "source",
                "source": false
              },
              "icon": "lucide-file",
              "title": "pipelines"
            }
          }
        ]
      }
    ],
    "direction": "vertical"
  },
  "left": {
    "id": "2349770b953c1ed9",
    "type": "split",
    "children": [
      {
        "id": "3b5dae9d9875265d",
        "type": "tabs",
        "children": [
          {
            "id": "b0679f01e780f009",
            "type": "leaf",
            "state": {
              "type": "file-explorer",
              "state": {
                "sortOrder": "alphabetical",
                "autoReveal": false
              },
              "icon": "lucide-folder-closed",
              "title": "Files"
            }
          },
          {
            "id": "88310c5c7aa6e14a",
            "type": "leaf",
            "state": {
              "type": "search",
              "state": {
                "query": "",
                "matchingCase": false,
                "explainSearch": false,
                "collapseAll": false,
                "extraContext": false,
                "sortOrder": "alphabetical"
              },
              "icon": "lucide-search",
              "title": "Search"
            }
          },
          {
            "id": "8cf2a2202eeaf3b8",
            "type": "leaf",
            "state": {
              "type": "bookmarks",
              "state": {},
              "icon": "lucide-bookmark",
              "title": "Bookmarks"
            }
          }
        ]
      }
    ],
    "direction": "horizontal",
    "width": 300
  },
  "right": {
    "id": "8e74226088de75c2",
    "type": "split",
    "children": [
      {
        "id": "84101f2a7e21ed1e",
        "type": "tabs",
        "children": [
          {
            "id": "d33b476e81bc787d",
            "type": "leaf",
            "state": {
              "type": "backlink",
              "state": {
                "file": "enterprise.md",
                "collapseAll": false,
                "extraContext": false,
                "sortOrder": "alphabetical",
                "showSearch": false,
                "searchQuery": "",
                "backlinkCollapsed": false,
                "unlinkedCollapsed": true
              },
              "icon": "links-coming-in",
              "title": "Backlinks for enterprise"
            }
          },
          {
            "id": "3274d925d37459b6",
            "type": "leaf",
            "state": {
              "type": "outgoing-link",
              "state": {
                "file": "enterprise.md",
                "linksCollapsed": false,
                "unlinkedCollapsed": true
              },
              "icon": "links-going-out",
              "title": "Outgoing links from enterprise"
            }
          },
          {
            "id": "cf5064fb1c69435d",
            "type": "leaf",
            "state": {
              "type": "tag",
              "state": {
                "sortOrder": "frequency",
                "useHierarchy": true,
                "showSearch": false,
                "searchQuery": ""
              },
              "icon": "lucide-tags",
              "title": "Tags"
            }
          },
          {
            "id": "955377d0a8be5237",
            "type": "leaf",
            "state": {
              "type": "outline",
              "state": {
                "file": "enterprise.md",
                "followCursor": false,
                "showSearch": false,
                "searchQuery": ""
              },
              "icon": "lucide-list",
              "title": "Outline of enterprise"
            }
          }
        ]
      }
    ],
    "direction": "horizontal",
    "width": 300,
    "collapsed": true
  },
  "left-ribbon": {
    "hiddenItems": {
      "switcher:Open quick switcher": false,
      "graph:Open graph view": false,
      "canvas:Create new canvas": false,
      "daily-notes:Open today's daily note": false,
      "templates:Insert template": false,
      "command-palette:Open command palette": false
    }
  },
  "active": "ac238347ae7f6dc0",
  "lastOpenFiles": [
    "pipelines.md",
    "B.md",
    "enterprise.md",
    "getting-started/quick-start/starting-with-openai.md",
    "category/-tips--tricks.md",
    "category/-speech-to-text.md",
    "tutorials/web-search/yacy.md",
    "tutorials/web-search/tavily.md",
    "tutorials/web-search/serpstack.md",
    "tutorials/web-search/serply.md",
    "tutorials/web-search/serper.md",
    "tutorials/web-search/serpapi.md",
    "tutorials/web-search/searxng.md",
    "tutorials/web-search/searchapi.md",
    "tutorials/web-search/mojeek.md",
    "tutorials/web-search/kagi.md",
    "tutorials/web-search/jina.md",
    "tutorials/web-search/google-pse.md",
    "tutorials/web-search/external.md",
    "tutorials/web-search/exa.md",
    "tutorials/web-search/duckduckgo.md",
    "tutorials/web-search/brave.md",
    "tutorials/web-search/bing.md",
    "tutorials/web-search",
    "tutorials/tips/sqlite-database.md",
    "tutorials/tips/special_arguments.md",
    "tutorials/tips/reduce-ram-usage.md",
    "tutorials/tips",
    "tutorials/text-to-speech",
    "tutorials/speech-to-text",
    "tutorials/maintenance",
    "tutorials/integrations",
    "tutorials",
    "troubleshooting"
  ]
}